{
	"class_name" : "PinholeCameraParameters",
	"extrinsic" : 
	[
		-0.6617808617818467,
		-0.69198318726839403,
		0.28845339227880651,
		0.0,
		0.74922172502977991,
		-0.62415035213233272,
		0.22159229381114753,
		0.0,
		0.026700144619030697,
		0.36276108731637657,
		0.93149959517240966,
		0.0,
		-4.7572498860267043,
		-4.0234735783032392,
		2.6398640727448939,
		1.0
	],
	"intrinsic" : 
	{
		"height" : 1061,
		"intrinsic_matrix" : 
		[
			918.85295341528945,
			0.0,
			0.0,
			0.0,
			918.85295341528945,
			0.0,
			959.5,
			530.0,
			1.0
		],
		"width" : 1920
	},
	"version_major" : 1,
	"version_minor" : 0
}